{"cameraMode":{"drawMode":0,"name":"Shaded","section":"Shading Mode"},"sceneLighting":false,"audioPlay":false,"sceneViewState":{"showFog":true,"showMaterialUpdate":false,"showSkybox":true,"showFlares":true,"showImageEffects":true,"showParticleSystems":true},"in2DMode":false,"pivot":{"x":0.009114859625697136,"y":1.3040393590927125,"z":2.2896711826324465},"rotation":{"x":0.0004819178720936179,"y":0.9900506138801575,"z":-0.1408410668373108,"w":0.003264889121055603},"size":0.8660253882408142,"orthographic":false}