{"cameraMode":{"drawMode":0,"name":"Shaded","section":"Shading Mode"},"sceneLighting":false,"audioPlay":false,"sceneViewState":{"showFog":true,"showMaterialUpdate":false,"showSkybox":false,"showFlares":true,"showImageEffects":true,"showParticleSystems":true},"in2DMode":false,"pivot":{"x":1.497304081916809,"y":0.9688341617584229,"z":-0.8103866577148438},"rotation":{"x":-0.012396691367030144,"y":-0.9441148042678833,"z":0.035709694027900699,"w":-0.3274950385093689},"size":0.8660253882408142,"orthographic":false}