{"cameraMode":{"drawMode":0,"name":"Shaded","section":"Shading Mode"},"sceneLighting":false,"audioPlay":false,"sceneViewState":{"showFog":true,"showMaterialUpdate":false,"showSkybox":false,"showFlares":true,"showImageEffects":true,"showParticleSystems":true},"in2DMode":false,"pivot":{"x":12.806400299072266,"y":273.23699951171877,"z":-17.958831787109376},"rotation":{"x":0.03560385853052139,"y":0.06833356618881226,"z":0.0023932920303195717,"w":-0.9970788359642029},"size":203.46829223632813,"orthographic":false}