{"cameraMode":{"drawMode":0,"name":"Shaded","section":"Shading Mode"},"sceneLighting":false,"audioPlay":false,"sceneViewState":{"showFog":true,"showMaterialUpdate":false,"showSkybox":false,"showFlares":true,"showImageEffects":true,"showParticleSystems":true},"in2DMode":false,"pivot":{"x":0.4517977237701416,"y":-0.21575188636779786,"z":1.5435552597045899},"rotation":{"x":-0.19609054923057557,"y":-0.3683203458786011,"z":0.07977800071239472,"w":-0.9052839279174805},"size":2.7247447967529299,"orthographic":false}